{
	"appId": "com.mybranches.app",
	"appName": "My Branches",
	"webDir": "dist/public",
	"server": {
		"androidScheme": "https",
		"cleartext": false,
		"allowNavigation": [
			"*.replit.dev",
			"capacitor://localhost",
			"http://localhost:*",
			"https://localhost:*"
		]
	},
	"plugins": {
		"SplashScreen": {
			"launchShowDuration": 2000,
			"backgroundColor": "#7c3aed",
			"androidSplashResourceName": "splash",
			"androidScaleType": "CENTER_CROP",
			"showSpinner": false,
			"splashFullScreen": true,
			"splashImmersive": true
		},
		"StatusBar": {
			"style": "dark",
			"backgroundColor": "#7c3aed"
		},
		"App": {
			"urlScheme": "mybranches",
			"urlHostname": "auth"
		},
		"Keyboard": {
			"resize": "body",
			"style": "dark",
			"resizeOnFullScreen": true
		},
		"PurchasesPlugin": {}
	},
	"ios": {
		"contentInset": "automatic",
		"scrollEnabled": true,
		"backgroundColor": "#7c3aed"
	},
	"android": {
		"backgroundColor": "#7c3aed",
		"webContentsDebuggingEnabled": false,
		"allowMixedContent": false
	},
	"packageClassList": [
		"AppPlugin",
		"CAPBrowserPlugin",
		"HapticsPlugin",
		"KeyboardPlugin",
		"PreferencesPlugin",
		"PushNotificationsPlugin",
		"SplashScreenPlugin",
		"StatusBarPlugin",
		"SecureStoragePlugin",
		"PurchasesPlugin"
	]
}
